{"accuracy": 0.756, "f1_score": 0.7551478881990307, "label_distribution": {"0": 0.3685790527018012, "1": 0.43512341561040696, "2": 0.19629753168779185}}