{"accuracy": 0.678, "f1_score": 0.67653118111655, "label_distribution": {"0": 0.35957304869913276, "1": 0.44362908605737156, "2": 0.19679786524349566}}